cinema_code,month,monthly_revenue
518,2,90.0
448,2,16015.0
448,3,11749047.99
163,3,4364008.0
484,3,62950.0
497,3,24075.0
427,3,125842.5
300,3,35210.0
390,3,735320.0
306,3,15900.0
425,3,39105.0
451,3,10850.0
56,3,368380.0
51,3,659400.0
52,3,691025.0
480,3,214410.0
637,3,610000.0
473,3,5640.0
187,3,322800.0
223,3,200605.0
513,3,1204625.0
522,3,980844.0
461,3,11675.0
368,3,12105.0
155,3,239180.0
465,3,600.0
141,3,1930066.0
198,3,386890.0
238,3,231610.0
160,3,283575.0
248,3,98795.0
441,3,21720.0
341,3,2975.0
339,3,4825.0
154,3,76755.0
488,3,8965.0
214,3,18925.0
89,3,1683420.0
88,3,160200.0
82,3,5000.0
452,3,1574175.0
442,3,330520.0
164,3,226270.0
262,3,893680.0
516,3,80375.0
210,3,1622760.0
313,3,263000.0
508,3,787.5
475,3,276735.0
402,3,1950.0
362,3,170675.0
333,3,48900.0
450,3,2990072.0
524,3,3106992.5
417,3,884607.5
225,3,79955.0
338,3,182480.0
34,3,1836430.0
321,3,158635.0
81,3,42950.0
32,3,384100.0
243,3,194970.0
120,3,62450.0
352,3,2505835.0
431,3,689905.0
456,3,322250.0
476,3,1080.0
168,3,172850.0
159,3,325385.0
445,3,820080.0
166,3,528255.0
490,3,7175.0
466,3,98425.0
381,3,112485.0
175,3,168200.0
365,3,80950.0
415,3,195300.0
525,3,9200.0
142,3,432575.0
323,3,4530.0
249,3,500.0
183,3,1022880.0
35,3,933350.0
167,3,141305.0
165,3,333180.0
499,3,212875.0
397,3,17887.5
83,3,54875.0
156,3,149360.0
254,3,64805.0
344,3,4328940.0
518,3,1447352.0
380,3,733140.0
474,3,742340.0
467,3,49550.0
531,3,77100.0
486,3,34747.5
170,3,50210.0
430,3,187075.0
468,3,76425.0
285,3,38780.0
195,3,865920.0
184,3,434680.0
91,3,44800.0
316,3,112975.0
501,3,7445.0
432,3,49300.0
39,3,777400.0
144,3,299840.0
273,3,60450.0
453,3,148980.0
94,3,70755.0
62,3,49805.0
158,3,97615.0
207,3,151595.0
72,3,1991885.0
181,3,645350.0
396,3,1170910.0
414,3,108430.0
73,3,1435260.0
504,3,4665.0
277,3,262320.0
231,3,3910.0
492,3,28095.0
250,3,294430.0
487,3,30125.0
237,3,63710.0
152,3,61480.0
174,3,100290.0
429,3,612050.0
98,3,172425.0
50,3,311240.0
48,3,436950.0
182,3,1134880.0
291,3,431745.0
180,3,404275.0
299,3,25985.0
331,3,32130.0
455,3,314670.0
460,3,8850.0
64,3,10600.0
266,3,1179045.0
61,3,29055.0
222,3,328530.0
115,3,98800.0
471,3,3380.0
517,3,2775.0
271,3,17940.0
253,3,118940.0
457,3,6675.0
472,3,25497.5
326,3,6950.0
70,3,109800.0
447,3,4890.0
304,3,6466650.5
489,3,3047405.0
485,3,1555420.0
43,3,270640.0
196,3,205800.0
204,3,16255.0
496,3,41505.0
71,3,2610005.0
186,3,701760.0
185,3,312000.0
162,3,206745.0
479,3,127730.0
310,3,62700.0
315,3,42225.0
491,3,40410.0
307,3,331600.0
428,3,180845.0
191,3,186860.0
507,3,150.0
464,3,82085.0
528,3,391305.0
33,3,100500.0
509,3,16652.5
259,3,338400.0
57,3,237050.0
324,3,73595.0
286,3,45870.0
221,3,320210.0
245,3,131700.0
276,3,25650.0
495,3,58955.0
55,3,23005.0
529,3,584615.0
350,3,244650.0
172,3,625450.0
247,3,280850.0
505,3,17912.5
359,3,4887.5
511,3,9812.5
503,3,40755.0
526,3,22830.0
312,3,331010.0
201,3,215285.0
194,3,223290.0
169,3,174600.0
463,3,77010.0
454,3,59225.0
314,3,121640.0
292,3,48865.0
528,4,852682.5
57,4,435850.0
245,4,536805.0
259,4,571800.0
521,4,93970.0
495,4,159480.0
324,4,231065.0
464,4,219600.0
251,4,37320.0
33,4,307600.0
509,4,86232.5
286,4,120180.0
221,4,745300.0
276,4,71085.0
55,4,109095.0
482,4,6855.0
512,4,11310.0
89,4,3336835.0
452,4,2382685.0
164,4,629167.5
88,4,258350.0
442,4,703880.0
82,4,82200.0
533,4,52710.0
498,4,32180.0
520,4,2190.0
72,4,2877270.0
73,4,2243655.0
396,4,2160600.0
181,4,1751850.0
277,4,510720.0
504,4,61720.0
492,4,229210.0
414,4,307095.0
250,4,1328980.0
152,4,465020.0
237,4,211260.0
487,4,122800.0
231,4,28860.0
174,4,644560.0
51,4,1650925.0
56,4,706020.0
425,4,98655.0
306,4,297930.0
52,4,1454775.0
480,4,311550.0
187,4,620460.0
451,4,22437.5
473,4,43830.0
223,4,446375.0
98,4,533950.0
429,4,820795.0
182,4,1876920.0
50,4,645560.0
331,4,70280.0
299,4,116600.0
48,4,781425.0
291,4,874875.0
455,4,701520.0
180,4,623080.0
460,4,57917.5
64,4,58425.0
474,4,1345120.0
344,4,5631515.5
518,4,3509905.0
195,4,1704680.0
380,4,1481575.0
184,4,656260.0
285,4,226475.0
430,4,436275.0
531,4,193250.0
467,4,191400.0
486,4,196170.0
468,4,168062.5
316,4,263225.0
91,4,140800.0
170,4,202260.0
156,4,474120.0
35,4,1658350.0
183,4,2093740.0
415,4,421797.5
83,4,255425.0
142,4,1133300.0
525,4,41820.0
167,4,302190.0
254,4,171640.0
413,4,8550.0
165,4,751260.0
499,4,642980.0
249,4,19090.0
323,4,27945.0
397,4,61100.0
532,4,665.0
514,4,231870.0
456,4,588870.0
352,4,4091505.0
159,4,875192.5
445,4,1298070.0
175,4,367410.0
431,4,1248460.0
168,4,250475.0
381,4,221610.0
476,4,15770.0
166,4,1115180.0
466,4,104805.0
490,4,56570.0
365,4,231532.5
450,4,2209580.0
34,4,2985810.0
524,4,4133005.0
338,4,651520.0
120,4,106500.0
225,4,165535.0
417,4,1808765.0
321,4,438812.5
243,4,439605.0
81,4,76850.0
32,4,673185.0
529,4,865225.0
312,4,782920.0
169,4,534875.0
194,4,645870.0
454,4,263385.0
503,4,182260.0
350,4,658475.0
359,4,99085.0
511,4,73025.0
247,4,923360.0
172,4,1592480.0
505,4,43220.0
314,4,564025.0
201,4,561005.0
292,4,146250.0
463,4,79380.0
526,4,151790.0
215,4,1900.0
502,4,7050.0
513,4,3137120.0
522,4,1648920.0
141,4,3486962.0
154,4,142170.0
368,4,188030.0
461,4,110387.5
198,4,1004920.0
238,4,745320.0
248,4,419680.0
488,4,99985.0
160,4,573400.0
441,4,36692.5
341,4,26000.0
465,4,12772.5
155,4,439740.0
214,4,137025.0
339,4,42630.0
210,4,2690420.0
262,4,1814325.0
313,4,357120.0
516,4,194720.0
475,4,483155.0
515,4,96172.5
362,4,516407.5
508,4,12737.5
402,4,36420.0
333,4,85200.0
304,4,9271510.5
71,4,3560970.0
489,4,4917980.0
485,4,2290920.0
43,4,572880.0
315,4,73285.0
310,4,214440.0
204,4,54232.5
196,4,587910.0
491,4,159165.0
428,4,398105.0
162,4,466680.0
186,4,1438460.0
185,4,904680.0
496,4,195190.0
479,4,300100.0
507,4,4237.5
307,4,808580.0
481,4,82425.0
191,4,551165.0
70,4,623120.0
266,4,1826125.0
222,4,854880.0
253,4,395780.0
61,4,51865.0
115,4,512200.0
471,4,160860.0
447,4,47870.0
506,4,42100.0
472,4,123480.0
517,4,21925.0
457,4,47700.0
271,4,40065.0
326,4,40605.0
448,4,18040406.67
163,4,6169205.0
497,4,13050.0
484,4,73752.5
390,4,1286660.0
534,4,11725.0
300,4,180100.0
427,4,5520.0
453,4,440955.0
62,4,114860.0
273,4,122165.0
501,4,146070.0
39,4,968750.0
432,4,179160.0
144,4,835200.0
94,4,192145.0
158,4,284165.0
207,4,256175.0
89,5,2252145.0
452,5,1809540.0
442,5,422960.0
164,5,269670.0
88,5,148100.0
533,5,57795.0
82,5,79820.0
498,5,26720.0
520,5,20370.0
221,5,361960.0
259,5,499460.0
528,5,587750.0
245,5,334755.0
57,5,222625.0
464,5,130880.0
324,5,101860.0
537,5,30775.0
55,5,62585.0
495,5,66015.0
509,5,27260.0
33,5,249475.0
251,5,53985.0
286,5,64765.0
276,5,84900.0
482,5,19065.0
521,5,37485.0
512,5,5160.0
182,5,812900.0
291,5,415365.0
429,5,700100.0
180,5,622780.0
50,5,357875.0
460,5,41805.0
64,5,104450.0
299,5,66200.0
331,5,28770.0
98,5,463400.0
48,5,386750.0
455,5,352900.0
448,5,15290613.49
163,5,3848797.0
390,5,769180.0
534,5,70255.0
484,5,37740.0
300,5,67312.5
72,5,1886230.0
396,5,1288000.0
73,5,2512405.0
250,5,595300.0
181,5,957340.0
237,5,100260.0
414,5,304460.0
487,5,111400.0
152,5,267960.0
504,5,50857.5
277,5,195400.0
492,5,112500.0
231,5,47682.5
174,5,399490.0
352,5,2586755.0
166,5,658700.0
431,5,698100.0
159,5,383372.5
445,5,758490.0
175,5,304845.0
456,5,423985.0
168,5,151215.0
466,5,59205.0
381,5,76005.0
476,5,2020.0
365,5,146405.0
490,5,28280.0
450,5,3096060.0
524,5,3598005.0
34,5,1820875.0
417,5,989030.0
321,5,196347.5
338,5,321740.0
243,5,309390.0
120,5,219175.0
225,5,69782.5
81,5,36025.0
32,5,1061760.0
344,5,3878520.0
518,5,3134310.0
474,5,1205570.0
195,5,1041380.0
380,5,867817.5
184,5,314960.0
468,5,88030.0
486,5,94242.5
531,5,148680.0
285,5,131625.0
430,5,240675.0
467,5,82310.0
91,5,81475.0
426,5,5490.0
470,5,11910.0
316,5,285985.0
477,5,107857.5
170,5,132450.0
183,5,1160080.0
35,5,1057550.0
141,5,2263565.0
513,5,2684970.0
522,5,1142605.0
248,5,437755.0
238,5,335700.0
160,5,220300.0
154,5,137025.0
488,5,94835.0
368,5,93270.0
198,5,394175.0
441,5,41837.5
155,5,239000.0
461,5,64012.5
214,5,73725.0
339,5,61592.5
465,5,17437.5
341,5,13385.0
312,5,527100.0
529,5,743460.0
314,5,247905.0
169,5,427675.0
247,5,417100.0
526,5,121360.0
201,5,240485.0
194,5,310575.0
292,5,116265.0
503,5,97375.0
463,5,51165.0
454,5,160490.0
350,5,183575.0
172,5,528000.0
505,5,16995.0
359,5,102315.0
458,5,11880.0
511,5,79000.0
502,5,21725.0
215,5,5525.0
39,5,864175.0
144,5,331920.0
453,5,348765.0
501,5,67525.0
273,5,39000.0
62,5,71230.0
207,5,145065.0
94,5,86225.0
432,5,98385.0
158,5,187915.0
51,5,908675.0
52,5,746575.0
223,5,122505.0
480,5,221827.5
425,5,76320.0
536,5,43950.0
56,5,342880.0
187,5,314240.0
306,5,313320.0
473,5,62735.0
451,5,81737.5
266,5,1171455.0
115,5,364875.0
253,5,177555.0
222,5,497300.0
447,5,44180.0
506,5,83480.0
61,5,32260.0
70,5,383450.25
457,5,40285.0
472,5,79065.0
517,5,5425.0
424,5,5025.0
271,5,40200.0
471,5,141560.0
142,5,629300.0
415,5,190592.5
165,5,513520.0
499,5,384670.0
254,5,146422.5
156,5,330540.0
397,5,54162.5
249,5,27740.0
83,5,120850.0
532,5,70805.0
167,5,94935.0
413,5,10000.0
323,5,35280.0
514,5,150615.0
525,5,18500.0
304,5,6775215.0
489,5,3976830.0
71,5,2368206.0
485,5,1827275.0
307,5,554995.0
196,5,275790.0
481,5,90720.0
479,5,211840.0
428,5,226275.0
186,5,660240.0
43,5,294940.0
496,5,128805.0
162,5,232140.0
491,5,116115.0
315,5,27885.0
191,5,166195.0
204,5,58117.5
185,5,393620.0
310,5,77610.0
507,5,3607.5
210,5,2029940.0
262,5,907925.0
362,5,204452.5
313,5,329880.0
515,5,61750.0
402,5,38750.0
516,5,120120.0
333,5,42930.0
508,5,4197.5
475,5,167615.0
543,5,25.0
326,5,18660.0
344,6,1782135.0
518,6,1094125.0
195,6,496780.0
316,6,118980.0
380,6,392965.0
474,6,709550.0
531,6,62250.0
184,6,104860.0
486,6,43775.0
430,6,87600.0
468,6,32142.5
285,6,26175.0
467,6,42650.0
470,6,5050.0
91,6,64575.0
170,6,33795.0
477,6,6050.0
426,6,18370.5
352,6,1055180.0
431,6,355340.0
166,6,316662.5
456,6,254465.0
168,6,143140.0
445,6,322320.0
159,6,151217.5
175,6,62850.0
490,6,5442.5
466,6,21135.0
381,6,22770.0
365,6,27230.0
476,6,5540.0
546,6,403890.0
39,6,254600.0
453,6,109605.0
432,6,52497.5
144,6,104620.0
158,6,42210.0
273,6,15925.0
535,6,143470.0
501,6,19230.0
62,6,15415.0
94,6,24080.0
207,6,69320.0
35,6,417825.0
183,6,557320.0
415,6,86887.5
499,6,107880.0
142,6,212050.0
514,6,38060.0
165,6,169780.0
323,6,12705.0
83,6,50525.0
413,6,1950.0
397,6,15975.0
525,6,2360.0
249,6,11100.0
254,6,54740.0
156,6,71920.0
532,6,37205.0
167,6,33340.0
266,6,431965.0
222,6,193280.0
253,6,56385.0
457,6,9635.0
472,6,27965.0
506,6,29550.0
517,6,1635.0
471,6,57880.0
115,6,97075.0
447,6,17200.0
61,6,14585.0
70,6,178150.0
326,6,3630.0
271,6,25575.0
528,6,212990.0
245,6,110970.0
259,6,149720.0
509,6,8525.0
251,6,24435.0
286,6,36155.0
521,6,6525.0
55,6,17905.0
324,6,34935.0
221,6,186560.0
57,6,112350.0
464,6,33920.0
537,6,20600.0
495,6,28875.0
33,6,110650.0
482,6,4695.0
276,6,40035.0
51,6,425775.0
52,6,291125.0
306,6,178575.0
473,6,36880.0
451,6,15625.0
223,6,49535.0
425,6,27045.0
480,6,87290.0
56,6,96040.0
187,6,104860.0
536,6,24990.0
89,6,965010.0
452,6,873800.0
164,6,116047.5
442,6,230412.0
533,6,20190.0
88,6,60155.0
498,6,13860.0
82,6,35400.0
448,6,7855882.49
163,6,1892995.0
390,6,295940.0
534,6,42810.0
484,6,21135.0
300,6,15600.0
497,6,1100.0
141,6,888410.0
513,6,1176430.0
238,6,160125.0
488,6,31290.0
461,6,23675.0
341,6,4075.0
339,6,8415.0
522,6,431410.0
154,6,67927.5
368,6,19150.0
248,6,149315.0
160,6,76480.0
214,6,44627.5
198,6,116410.0
441,6,8225.0
155,6,86960.0
172,6,224100.0
247,6,147780.0
312,6,186520.0
201,6,82785.0
194,6,120475.0
529,6,355610.0
526,6,43620.0
503,6,27640.0
505,6,6195.0
539,6,3625.0
292,6,25575.0
454,6,43680.0
314,6,60080.0
169,6,88850.0
463,6,15510.0
511,6,5337.5
350,6,68425.0
359,6,8655.0
502,6,2950.0
458,6,1755.0
215,6,3425.0
304,6,3717990.5
489,6,1879543.5
485,6,1132450.0
191,6,99950.0
204,6,44140.0
43,6,122340.0
196,6,75280.0
507,6,2835.0
186,6,223120.0
162,6,83280.0
307,6,151800.0
428,6,65205.0
479,6,38080.0
71,6,1159875.0
481,6,17835.0
310,6,17750.0
496,6,40580.0
315,6,9525.0
491,6,13780.0
185,6,175100.0
210,6,909140.0
362,6,71225.0
515,6,6830.0
262,6,325150.0
402,6,5225.0
313,6,121640.0
516,6,19880.0
475,6,46042.5
508,6,570.0
333,6,22020.0
182,6,407140.0
291,6,185685.0
50,6,108175.0
299,6,13500.0
64,6,22825.0
180,6,141040.0
429,6,346620.0
331,6,6790.0
460,6,10467.5
98,6,232100.0
455,6,147040.0
48,6,248075.0
34,6,729035.0
524,6,1851120.0
321,6,49530.0
338,6,103060.0
243,6,80550.0
120,6,80100.0
417,6,349097.5
450,6,1438805.0
225,6,38150.0
32,6,138770.0
181,6,320380.0
396,6,388300.0
73,6,608830.0
72,6,747690.0
237,6,45540.0
231,6,26260.0
487,6,27040.0
250,6,236640.0
504,6,14375.5
414,6,117820.0
152,6,67020.0
277,6,77800.0
492,6,15360.0
174,6,102270.0
172,7,492820.0
312,7,382860.0
247,7,323200.0
201,7,175465.0
529,7,1201020.0
526,7,94540.0
503,7,59635.0
194,7,352145.0
505,7,11520.0
210,7,1861215.0
362,7,198467.5
333,7,42840.0
516,7,28730.0
262,7,1084800.0
475,7,57137.5
515,7,14973.0
508,7,1287.5
402,7,5275.0
313,7,598440.0
141,7,2274485.0
513,7,2937695.0
238,7,258540.0
339,7,10745.0
341,7,9325.0
441,7,8625.0
488,7,26780.0
461,7,28862.5
214,7,54012.5
368,7,18530.0
248,7,323245.0
522,7,1044420.0
198,7,253452.5
160,7,250420.0
154,7,160060.0
155,7,255800.0
465,7,3100.0
52,7,832525.0
51,7,1420505.0
306,7,256845.0
223,7,59855.0
473,7,25405.0
480,7,124496.5
451,7,20637.5
425,7,116850.0
187,7,440720.0
56,7,207315.0
536,7,38550.0
181,7,922305.0
72,7,2218530.0
231,7,35042.5
73,7,1913120.0
237,7,75270.0
396,7,992175.0
487,7,506620.0
492,7,51420.0
414,7,156720.0
174,7,134715.0
277,7,91280.0
152,7,100480.0
250,7,592420.0
504,7,20900.0
448,7,16145857.430000002
163,7,4614755.0
390,7,853040.0
534,7,82740.0
300,7,99120.0
484,7,19095.0
497,7,6730.0
427,7,212620.0
304,7,7472955.0
489,7,4697205.0
485,7,2198655.0
191,7,190010.0
186,7,751640.0
204,7,108115.0
43,7,448500.0
196,7,200020.0
162,7,95610.0
507,7,2720.0
185,7,268760.0
310,7,99925.0
496,7,47870.0
71,7,3478865.0
428,7,171370.0
491,7,72660.0
479,7,176920.0
307,7,262940.0
315,7,5610.0
481,7,18270.0
39,7,1189720.0
144,7,247440.0
556,7,1620150.0
546,7,1679130.0
453,7,270910.0
432,7,51022.5
158,7,67165.0
273,7,28785.0
535,7,252745.0
94,7,191250.0
62,7,32475.0
501,7,24640.0
207,7,98115.0
502,7,8000.0
215,7,2625.0
511,7,32200.0
169,7,182525.0
314,7,189050.0
359,7,17610.0
454,7,117300.0
292,7,47130.0
463,7,33900.0
350,7,451175.0
539,7,10460.0
266,7,2551685.0
222,7,471780.0
253,7,187687.5
506,7,30238.0
517,7,4900.0
457,7,12362.5
472,7,38202.5
326,7,10410.0
115,7,169375.0
471,7,53220.0
447,7,11460.0
61,7,49735.0
70,7,876840.0
271,7,57975.0
352,7,3572337.5
431,7,1246812.5
166,7,684197.5
456,7,604065.0
168,7,63190.0
445,7,1155690.0
490,7,40600.0
466,7,30150.0
381,7,65595.0
175,7,271995.0
365,7,45972.5
476,7,34915.0
159,7,609087.5
89,7,3008100.0
452,7,2103290.0
442,7,531300.0
164,7,300685.0
498,7,16840.0
82,7,59300.0
533,7,37065.0
88,7,524205.0
245,7,386930.0
251,7,53055.0
521,7,40485.0
286,7,48615.0
509,7,7050.0
528,7,430985.0
259,7,369880.0
55,7,183090.0
276,7,51750.0
482,7,25125.0
537,7,17550.0
57,7,511675.0
221,7,409820.0
324,7,92545.0
495,7,73425.0
33,7,350750.0
464,7,86240.0
344,7,3929485.0
518,7,3006330.0
195,7,1339380.0
316,7,195900.0
380,7,924682.5
474,7,1398420.0
184,7,192940.0
531,7,70260.0
486,7,66360.0
477,7,26600.0
468,7,51502.5
430,7,155725.0
470,7,6450.0
467,7,115550.0
170,7,36995.0
91,7,89400.0
285,7,86800.0
426,7,34582.5
34,7,2092380.0
524,7,5125145.0
120,7,219975.0
338,7,334000.0
450,7,3078965.0
225,7,54460.0
243,7,170160.0
81,7,115050.0
417,7,659947.5
321,7,151745.0
32,7,962840.0
182,7,1350420.0
50,7,691880.0
291,7,508665.0
455,7,403620.0
180,7,500005.0
299,7,25025.0
64,7,49150.0
331,7,16905.0
48,7,382675.0
98,7,297925.0
429,7,795940.0
460,7,20325.0
548,7,37935.0
183,7,1457235.0
35,7,524625.0
142,7,363575.0
499,7,256600.0
415,7,243292.5
514,7,74540.0
165,7,378340.0
413,7,6750.0
323,7,18030.0
254,7,72047.5
532,7,18284.0
83,7,179675.0
397,7,15200.0
249,7,21520.0
167,7,123955.0
156,7,324060.0
89,8,2763435.0
164,8,305445.0
452,8,2414420.0
442,8,561730.0
498,8,19100.0
533,8,31875.0
82,8,35060.0
88,8,339660.0
276,8,56550.0
482,8,19050.0
528,8,529085.0
245,8,415785.0
221,8,467670.0
464,8,92127.5
324,8,95065.0
537,8,102025.0
495,8,46410.0
509,8,22397.5
55,8,205555.0
57,8,473200.0
259,8,396340.0
286,8,113450.0
521,8,51690.0
33,8,356680.0
251,8,81100.0
513,8,2970855.0
465,8,3365.0
214,8,37287.5
141,8,1909426.0
522,8,1248005.0
160,8,295160.0
198,8,319725.0
155,8,241720.0
238,8,317595.0
248,8,294405.0
368,8,69930.0
488,8,99228.0
339,8,28440.0
441,8,10425.0
154,8,257937.5
341,8,14845.0
553,8,390.0
461,8,62037.5
359,8,26610.0
172,8,513580.0
458,8,2040.0
247,8,367680.0
201,8,196845.0
312,8,468020.0
215,8,925.0
529,8,1077210.0
169,8,173250.0
194,8,335825.0
526,8,82590.0
314,8,193125.0
292,8,83130.0
454,8,143775.0
511,8,39462.5
503,8,95960.0
350,8,393350.0
505,8,13890.0
539,8,12480.0
463,8,21045.0
502,8,16675.0
453,8,359545.0
39,8,1150795.0
556,8,1635650.0
546,8,1672525.0
144,8,303600.0
535,8,182135.0
62,8,35600.0
561,8,133650.0
501,8,123975.0
432,8,72962.5
94,8,100880.0
273,8,33950.0
207,8,117985.0
158,8,79520.0
555,8,18960.0
223,8,55560.0
480,8,195055.0
52,8,819510.0
51,8,1074480.0
56,8,283175.0
536,8,105900.0
187,8,460120.0
473,8,42280.0
425,8,101785.0
451,8,32875.0
306,8,434415.0
222,8,387180.0
266,8,1538805.0
326,8,24330.0
115,8,185730.0
61,8,44820.0
253,8,197155.0
558,8,4440.0
506,8,58180.0
457,8,18962.5
447,8,50360.0
471,8,152820.0
472,8,84350.0
517,8,4025.0
271,8,60000.0
455,8,534320.0
291,8,521600.0
180,8,591795.0
48,8,361180.0
429,8,785970.0
182,8,1356095.0
64,8,64625.0
460,8,16475.0
299,8,41550.0
548,8,20065.0
331,8,30135.0
50,8,419880.0
98,8,270730.0
519,8,14150.0
542,8,750.0
163,8,4386390.0
448,8,15311147.49
534,8,148375.0
300,8,140560.0
390,8,826500.0
427,8,127500.0
484,8,56715.0
557,8,1725.0
181,8,861255.0
174,8,97142.5
231,8,18017.5
492,8,75660.0
396,8,1278075.0
72,8,1949820.0
73,8,1536915.0
250,8,762620.0
414,8,278860.0
237,8,81405.0
277,8,106940.0
152,8,205260.0
487,8,270510.0
560,8,1435.0
504,8,26785.0
352,8,3180455.0
166,8,641667.5
445,8,1047750.0
431,8,1027780.0
159,8,753760.0
466,8,60120.0
456,8,571225.0
381,8,62400.0
168,8,86395.0
476,8,37900.0
365,8,48947.5
490,8,74830.0
175,8,406935.0
338,8,309490.0
524,8,4742405.0
225,8,58800.0
450,8,3027775.0
34,8,1868850.0
120,8,161270.0
417,8,1165189.0
243,8,160485.0
541,8,1337.5
321,8,178590.0
81,8,92210.0
32,8,639070.0
195,8,1384375.0
518,8,2931665.0
380,8,904922.5
470,8,8185.0
344,8,3884705.0
486,8,131292.5
531,8,123795.0
184,8,236020.0
474,8,1398890.0
477,8,25487.5
430,8,357250.0
91,8,82110.0
285,8,126325.0
467,8,92075.0
426,8,55767.5
170,8,55250.0
468,8,95357.5
316,8,289260.0
142,8,480900.0
514,8,62320.0
499,8,259740.0
183,8,1736075.0
413,8,13650.0
35,8,629875.0
83,8,180200.0
165,8,395660.0
532,8,22312.5
254,8,98472.5
249,8,15120.0
397,8,19250.0
415,8,270140.0
323,8,30825.0
167,8,152610.0
156,8,419960.0
204,8,58065.0
196,8,196575.0
186,8,709925.0
489,8,4335512.5
185,8,252360.0
191,8,106440.0
304,8,7140785.0
71,8,2664455.0
485,8,1994705.0
307,8,328300.0
479,8,105520.0
428,8,249450.0
496,8,146490.0
43,8,372160.0
507,8,8367.5
162,8,137400.0
310,8,151865.0
481,8,70365.0
362,8,184362.5
210,8,2062150.0
262,8,1035775.0
515,8,57410.0
508,8,6490.0
475,8,125667.5
516,8,115710.0
333,8,83415.0
402,8,28225.0
313,8,8780.0
70,8,586070.0
142,9,131650.0
415,9,138950.0
83,9,47800.0
254,9,34317.5
323,9,5235.0
165,9,167380.0
397,9,6437.5
249,9,6150.0
499,9,83160.0
514,9,81425.0
532,9,12390.0
35,9,250225.0
183,9,580375.0
413,9,1950.0
156,9,140840.0
167,9,39600.0
453,9,108845.0
556,9,508575.0
39,9,405000.0
144,9,93100.0
432,9,46167.5
501,9,22180.0
561,9,87540.0
535,9,77710.0
546,9,615170.0
62,9,18180.0
230,9,1485.0
94,9,32060.0
207,9,56775.0
158,9,30205.0
273,9,19065.0
338,9,115175.0
450,9,1442425.0
524,9,1927985.0
417,9,275170.0
243,9,63735.0
540,9,8685.0
541,9,3037.5
34,9,545670.0
225,9,34247.5
321,9,50825.0
120,9,66675.0
32,9,192240.0
81,9,8220.0
210,9,622675.0
362,9,54547.5
475,9,87377.5
402,9,13350.0
262,9,272175.0
516,9,18880.0
543,9,1605.0
376,9,500.0
515,9,6355.0
333,9,15750.0
181,9,353010.0
396,9,308675.0
250,9,177200.0
237,9,27390.0
174,9,38062.5
72,9,588840.0
186,9,229425.0
204,9,18602.5
196,9,96750.0
304,9,3053350.0
310,9,29925.0
191,9,73835.0
489,9,1742560.0
507,9,4992.5
496,9,25060.0
479,9,37720.0
307,9,92400.0
428,9,71900.0
481,9,15930.0
162,9,55560.0
485,9,846165.0
71,9,991420.0
185,9,95700.0
359,9,9990.0
247,9,138340.0
201,9,85640.0
502,9,6850.0
526,9,29210.0
312,9,180380.0
194,9,121685.0
539,9,11800.0
172,9,179925.0
529,9,454020.0
503,9,33535.0
505,9,5805.0
314,9,79700.0
454,9,43305.0
511,9,9025.0
169,9,64300.0
292,9,27965.0
350,9,45225.0
458,9,150.0
463,9,2010.0
73,9,557960.0
487,9,56460.0
414,9,81980.0
152,9,59160.0
492,9,7512.5
277,9,41400.0
231,9,12247.5
504,9,10280.0
560,9,5950.0
513,9,1110810.0
198,9,152460.0
160,9,79880.0
141,9,794785.0
522,9,451570.0
214,9,13400.0
341,9,6870.0
488,9,22940.0
461,9,22362.5
238,9,105435.0
155,9,126240.0
339,9,4317.5
248,9,109665.0
368,9,15190.0
553,9,2490.0
154,9,76987.5
441,9,5100.0
465,9,3960.0
48,9,179420.0
182,9,450790.0
455,9,146940.0
542,9,2520.0
519,9,32065.0
331,9,8560.0
180,9,168880.0
429,9,325980.0
291,9,159760.0
64,9,24950.0
548,9,15940.0
299,9,6400.0
460,9,5550.0
98,9,174960.0
50,9,115980.0
452,9,895945.0
442,9,185800.0
328,9,28320.0
88,9,81150.0
498,9,9730.0
89,9,756590.0
533,9,9315.0
164,9,114185.0
82,9,9040.0
166,9,216000.0
352,9,980555.0
381,9,20760.0
490,9,24815.0
466,9,19605.0
445,9,382320.0
431,9,334192.5
456,9,234145.0
159,9,201600.0
168,9,13890.0
476,9,1175.0
365,9,12862.5
175,9,140160.0
470,9,6770.0
380,9,307670.0
344,9,1701870.0
518,9,1411775.0
285,9,20125.0
184,9,103700.0
91,9,30660.0
474,9,626575.0
468,9,30805.0
477,9,19452.5
531,9,32715.0
486,9,20275.0
430,9,75500.0
195,9,481075.0
426,9,8555.0
467,9,34925.0
316,9,60570.0
170,9,40325.0
276,9,39285.0
528,9,205800.0
482,9,1905.0
221,9,178080.0
521,9,13140.0
286,9,24885.0
324,9,31920.0
495,9,17850.0
512,9,90.0
251,9,22825.0
509,9,7925.0
245,9,130970.0
464,9,41872.5
537,9,12862.5
55,9,34910.0
33,9,149490.0
57,9,106380.0
259,9,119910.0
163,9,2024585.0
448,9,6374787.5
390,9,288250.0
484,9,17580.0
300,9,35860.0
534,9,54595.0
427,9,60955.0
557,9,2475.0
222,9,186960.0
471,9,26460.0
266,9,529575.0
472,9,20632.5
253,9,57365.0
457,9,5225.0
115,9,50150.0
517,9,1850.0
61,9,18035.0
558,9,23360.0
506,9,7900.0
271,9,43890.0
447,9,6080.0
326,9,4410.0
70,9,209080.0
480,9,94400.0
51,9,462750.0
56,9,163600.0
223,9,29050.0
555,9,4690.0
451,9,7550.0
473,9,16187.5
52,9,380940.0
536,9,31035.0
306,9,83625.0
187,9,172220.0
425,9,26405.0
142,10,508850.0
165,10,430980.0
415,10,276100.0
35,10,900475.0
83,10,204800.0
249,10,9570.0
499,10,233680.0
397,10,18125.0
514,10,77355.0
323,10,14460.0
532,10,29435.0
254,10,71925.0
183,10,964200.0
167,10,73795.0
413,10,4275.0
156,10,417520.0
450,10,3321875.0
34,10,1430970.0
120,10,140050.0
81,10,33270.0
338,10,240725.0
417,10,1128605.0
524,10,4649465.0
243,10,192285.0
321,10,155695.0
540,10,87000.0
541,10,16225.0
225,10,77140.0
32,10,542540.0
485,10,1810315.0
162,10,126180.0
304,10,6286215.0
489,10,4332470.0
196,10,307450.0
479,10,106480.0
191,10,125250.0
428,10,204465.0
310,10,70175.0
186,10,711225.0
507,10,10072.5
307,10,286220.0
71,10,2446590.0
496,10,75615.0
185,10,219200.0
204,10,29522.5
481,10,26760.0
518,10,3138345.0
430,10,215250.0
285,10,95175.0
380,10,678710.0
531,10,97875.0
344,10,3179785.0
91,10,124350.0
184,10,208280.0
170,10,39940.0
477,10,16837.5
486,10,68112.5
470,10,6130.0
474,10,1300460.0
467,10,86825.0
195,10,780025.0
426,10,21407.5
468,10,76927.5
316,10,131400.0
529,10,1050060.0
314,10,221445.0
247,10,339800.0
503,10,105180.0
511,10,26462.5
454,10,129390.0
194,10,249955.0
172,10,470475.0
359,10,42000.0
312,10,356340.0
505,10,8445.0
201,10,157705.0
539,10,51975.0
502,10,4550.0
350,10,158300.0
526,10,62460.0
169,10,293575.0
292,10,34235.0
56,10,478025.0
555,10,19300.0
480,10,142045.0
223,10,105845.0
451,10,12637.5
52,10,581700.0
473,10,6062.5
51,10,1170810.0
187,10,346760.0
536,10,45800.0
306,10,203175.0
425,10,80715.0
57,10,332730.0
464,10,140692.5
495,10,82095.0
528,10,417785.0
251,10,44825.0
390,10,561505.0
534,10,142840.0
448,10,14698975.0
163,10,3922430.0
300,10,127300.0
427,10,227220.0
484,10,14295.0
557,10,64710.0
452,10,2015720.0
89,10,2358590.0
164,10,244580.0
442,10,442475.0
533,10,40875.0
498,10,14540.0
88,10,148770.0
328,10,317635.0
455,10,310180.0
64,10,73950.0
182,10,834485.0
542,10,5700.0
180,10,459359.0
48,10,230910.0
566,10,2000.0
519,10,48830.0
548,10,60675.0
331,10,20750.0
429,10,887820.0
98,10,245490.0
291,10,381330.0
460,10,12750.0
50,10,350250.0
299,10,175.0
471,10,58720.0
222,10,409180.0
558,10,68000.0
253,10,124180.0
457,10,9050.0
115,10,246175.0
517,10,4350.0
447,10,13360.0
472,10,64682.5
266,10,1709845.0
271,10,28920.0
326,10,6300.0
61,10,43955.0
521,10,44690.0
324,10,90105.0
286,10,29060.0
537,10,35712.5
512,10,4495.0
55,10,21340.0
245,10,324087.5
509,10,19612.5
221,10,340625.0
276,10,62700.0
482,10,23415.0
33,10,320640.0
259,10,256745.0
70,10,465445.0
556,10,1907470.0
501,10,90520.0
144,10,189220.0
62,10,72460.0
453,10,247970.0
432,10,67382.5
546,10,1516550.0
39,10,897780.0
535,10,104005.0
230,10,44222.5
561,10,308418.0
94,10,69760.0
273,10,26765.0
158,10,32445.0
207,10,176210.0
174,10,134400.0
414,10,169000.0
72,10,1617030.0
181,10,735385.0
152,10,134400.0
277,10,118100.0
504,10,29915.0
396,10,1042575.0
73,10,1958380.0
492,10,27210.0
237,10,69945.0
250,10,425280.0
231,10,36560.0
487,10,269430.0
560,10,28805.0
513,10,2852820.0
522,10,1201525.0
553,10,44820.0
461,10,30075.0
141,10,1815905.0
155,10,267515.0
488,10,49877.5
198,10,314195.0
214,10,57987.5
160,10,161200.0
154,10,135077.5
339,10,19007.5
238,10,248265.0
341,10,8935.0
465,10,3117.5
441,10,3300.0
248,10,330640.0
445,10,916080.0
365,10,54390.0
381,10,63705.0
476,10,3975.0
490,10,41632.5
352,10,2923285.0
431,10,910020.0
166,10,347860.0
456,10,523960.0
168,10,61345.0
159,10,375287.5
175,10,184615.0
466,10,30255.0
515,10,22960.0
562,10,88650.0
262,10,944275.0
210,10,1967175.0
402,10,16300.0
565,10,1350.0
516,10,48620.0
362,10,181760.0
475,10,215383.0
543,10,2650.0
333,10,51210.0
376,10,12037.5
262,11,93725.0
417,11,111662.5
524,11,519030.0
450,11,368175.0
243,11,19380.0
338,11,11540.0
210,11,209475.0
402,11,4825.0
562,11,13680.0
565,11,3490.0
475,11,17535.0
362,11,10500.0
543,11,475.0
515,11,4575.0
333,11,6120.0
141,11,175695.0
522,11,111120.0
513,11,301170.0
155,11,32125.0
553,11,3855.0
441,11,1325.0
465,11,280.0
461,11,1825.0
160,11,15040.0
238,11,27690.0
248,11,33600.0
341,11,1150.0
488,11,5200.0
198,11,43575.0
339,11,1530.0
214,11,6912.5
154,11,21700.0
56,11,41275.0
480,11,455.0
555,11,575.0
52,11,59190.0
536,11,2920.0
51,11,84000.0
187,11,39520.0
306,11,14310.0
425,11,10080.0
223,11,14280.0
396,11,116075.0
72,11,159540.0
181,11,66760.0
560,11,7122.5
174,11,19075.0
277,11,14850.0
414,11,16200.0
504,11,4280.0
152,11,13560.0
250,11,35720.0
237,11,5100.0
73,11,50980.0
487,11,13500.0
492,11,600.0
231,11,4185.0
448,11,1632617.5
163,11,203280.0
390,11,54000.0
300,11,14720.0
427,11,26300.0
534,11,18550.0
484,11,570.0
557,11,4155.0
489,11,486017.5
304,11,665845.0
307,11,14680.0
485,11,201820.0
162,11,14730.0
196,11,28125.0
479,11,9520.0
507,11,900.0
185,11,25360.0
310,11,3430.0
71,11,251235.0
191,11,18350.0
186,11,46300.0
496,11,3780.0
428,11,15735.0
481,11,4220.0
204,11,3955.0
546,11,184065.0
144,11,20080.0
453,11,23425.0
501,11,7800.0
62,11,6520.0
535,11,18480.0
556,11,174600.0
561,11,30865.0
94,11,7420.0
39,11,54960.0
158,11,1050.0
207,11,14000.0
314,11,24105.0
172,11,52950.0
247,11,20320.0
529,11,108420.0
454,11,10740.0
194,11,13825.0
312,11,33160.0
359,11,12285.0
505,11,900.0
539,11,2535.0
526,11,10810.0
350,11,7650.0
169,11,12300.0
201,11,14630.0
292,11,3395.0
502,11,4900.0
253,11,11567.5
222,11,32020.0
457,11,450.0
471,11,4200.0
558,11,9880.0
115,11,27050.0
517,11,400.0
326,11,1110.0
266,11,55125.0
61,11,4250.0
70,11,26800.0
447,11,2320.0
352,11,288970.0
431,11,92230.0
166,11,48180.0
381,11,10605.0
365,11,5705.0
445,11,94350.0
490,11,3675.0
159,11,31780.0
175,11,13950.0
456,11,40915.0
466,11,4920.0
168,11,4720.0
89,11,287350.0
452,11,229790.0
442,11,30450.0
164,11,22610.0
498,11,1800.0
328,11,43185.0
88,11,10050.0
533,11,7440.0
81,11,6180.0
34,11,135810.0
225,11,8470.0
540,11,11565.0
321,11,8130.0
120,11,5250.0
32,11,42270.0
541,11,975.0
182,11,61490.0
455,11,46980.0
180,11,46600.0
542,11,420.0
48,11,41490.0
548,11,1900.0
460,11,1100.0
512,11,6410.0
57,11,32850.0
286,11,1330.0
55,11,2510.0
251,11,9835.0
324,11,10710.0
509,11,3500.0
521,11,4470.0
537,11,3400.0
528,11,49400.0
495,11,7530.0
276,11,5010.0
221,11,32415.0
33,11,28140.0
245,11,23030.0
464,11,1440.0
259,11,32350.0
518,11,265810.0
344,11,344425.0
91,11,10290.0
170,11,5985.0
380,11,60200.0
285,11,7150.0
195,11,68700.0
184,11,21400.0
486,11,6837.5
474,11,153675.0
531,11,9870.0
477,11,5525.0
470,11,750.0
430,11,12900.0
467,11,7125.0
426,11,1260.0
468,11,5930.0
316,11,21510.0
98,11,32130.0
429,11,99600.0
50,11,22800.0
64,11,2200.0
331,11,3990.0
291,11,29180.0
519,11,4000.0
35,11,103800.0
142,11,55350.0
83,11,19000.0
415,11,20510.0
165,11,46760.0
249,11,2210.0
499,11,7440.0
167,11,2975.0
514,11,5700.0
156,11,39680.0
532,11,3010.0
183,11,114550.0
254,11,7035.0
397,11,1675.0
323,11,3750.0
